ID,Pred
Abilene Chr_Arizona St,0.1925538311
Abilene Chr_Auburn,0.0705973256
Abilene Chr_Baylor,0.1900582048
Abilene Chr_Belmont,0.3222682158
Abilene Chr_Bradley,0.5193798981
Abilene Chr_Buffalo,0.0955958257
Abilene Chr_Cincinnati,0.1215474659
Abilene Chr_Colgate,0.4594091387
Abilene Chr_Duke,0.0262015312
Abilene Chr_F Dickinson,0.7322163004
Abilene Chr_Florida,0.1390879448
Abilene Chr_Florida St,0.0533203269
Abilene Chr_Gardner Webb,0.5901014975
Abilene Chr_Georgia St,0.3717712708
Abilene Chr_Gonzaga,0.0471941018
Abilene Chr_Houston,0.0718096385
Abilene Chr_Iona,0.7548938948
Abilene Chr_Iowa,0.1222333965
Abilene Chr_Iowa St,0.0967709552
Abilene Chr_Kansas,0.0610056687
Abilene Chr_Kansas St,0.0824755479
Abilene Chr_Kentucky,0.0483111877
Abilene Chr_Liberty,0.3249285991
Abilene Chr_Louisville,0.1083541552
Abilene Chr_LSU,0.0754375537
Abilene Chr_Marquette,0.1044057419
Abilene Chr_Maryland,0.1023832998
Abilene Chr_Michigan,0.0390858435
Abilene Chr_Michigan St,0.0363788412
Abilene Chr_Minnesota,0.1289397031
Abilene Chr_Mississippi,0.1716217805
Abilene Chr_Mississippi ST,0.0990300436
Abilene Chr_Montana,0.4242204488
Abilene Chr_Murray St,0.3062520768
Abilene Chr_N Dakota St,0.6566537548
Abilene Chr_N Kentucky,0.3549679421
Abilene Chr_NC Central,0.8692999574
Abilene Chr_Nevada,0.1041305457
Abilene Chr_New Mexico St,0.1878172891
Abilene Chr_North Carolina,0.0404034514
Abilene Chr_Northeastern,0.3612961486
Abilene Chr_Ohio St,0.1471984348
Abilene Chr_Oklahoma,0.1394915524
Abilene Chr_Old Dominion,0.3068723147
Abilene Chr_Oregon,0.156795045
Abilene Chr_Prairie View,0.7073230695
Abilene Chr_Purdue,0.0673113061
Abilene Chr_Seton Hall,0.1789707842
Abilene Chr_St John's,0.223211999
Abilene Chr_ St. Louis,0.3337179274
Abilene Chr_ St. Mary's CA,0.202839601
Abilene Chr_Syracuse,0.137637965
Abilene Chr_Temple,0.2387819189
Abilene Chr_Tennessee,0.0379891911
Abilene Chr_Texas Tech,0.0619167437
Abilene Chr_UC Irvine,0.2234359066
Abilene Chr_UCF,0.1918176622
Abilene Chr_Utah St,0.1626233758
Abilene Chr_VA CommonWealth,0.1816033288
Abilene Chr_Vermont,0.3261739553
Abilene Chr_Villanova,0.0991673949
Abilene Chr_Virginia,0.0288374027
Abilene Chr_Virginia Tech,0.0825690416
Abilene Chr_Washington,0.1085194513
Abilene Chr_Wisconsin,0.0737126065
Abilene Chr_Wofford,0.153122719
Abilene Chr_Yale,0.4492574691
Arizona St_Auburn,0.2407978071
Arizona St_Baylor,0.4949019969
Arizona St_Belmont,0.6650479727
Arizona St_Bradley,0.8185861485
Arizona St_Buffalo,0.3062079353
Arizona St_Cincinnati,0.3661851677
Arizona St_Colgate,0.7801460624
Arizona St_Duke,0.1010013892
Arizona St_F Dickinson,0.9194676357
Arizona St_Florida,0.402839759
Arizona St_Florida St,0.1904014369
Arizona St_Gardner Webb,0.8573710492
Arizona St_Georgia St,0.7118967133
Arizona St_Gonzaga,0.1713765022
Arizona St_Houston,0.2441650074
Arizona St_Iona,0.9278501679
Arizona St_Iowa,0.3676738331
Arizona St_Iowa St,0.309087246
Arizona St_Kansas,0.2133913001
Arizona St_Kansas St,0.2729040725
Arizona St_Kentucky,0.1748934441
Arizona St_Liberty,0.6677500325
Arizona St_Louisville,0.3366129974
Arizona St_LSU,0.254116598
Arizona St_Marquette,0.3274010209
Arizona St_Maryland,0.32261498
Arizona St_Michigan,0.1451838641
Arizona St_Michigan St,0.1361700328
Arizona St_Minnesota,0.3819860307
Arizona St_Mississippi,0.4638289403
Arizona St_Mississippi ST,0.3145765582
Arizona St_Montana,0.7546869143
Arizona St_Murray St,0.6482918284
Arizona St_N Dakota St,0.8887124931
Arizona St_N Kentucky,0.6967706314
Arizona St_NC Central,0.9652437952
Arizona St_Nevada,0.3267524939
Arizona St_New Mexico St,0.4912467937
Arizona St_North Carolina,0.1495215656
Arizona St_Northeastern,0.7025554249
Arizona St_Ohio St,0.4188475718
Arizona St_Oklahoma,0.4036498771
Arizona St_Old Dominion,0.6489567908
Arizona St_Oregon,0.4370775474
Arizona St_Prairie View,0.9098379129
Arizona St_Purdue,0.2315634702
Arizona St_Seton Hall,0.4764931378
Arizona St_St John's,0.545422875
Arizona St_ St. Louis,0.6765194689
Arizona St_ St. Mary's CA,0.515145094
Arizona St_Syracuse,0.3999174499
Arizona St_Temple,0.5670610085
Arizona St_Tennessee,0.1415488718
Arizona St_Texas Tech,0.2160545082
Arizona St_UC Irvine,0.5457429185
Arizona St_UCF,0.4977492273
Arizona St_Utah St,0.4477915699
Arizona St_VA CommonWealth,0.4809384803
Arizona St_Vermont,0.6690071918
Arizona St_Villanova,0.3149083739
Arizona St_Virginia,0.1103097201
Arizona St_Virginia Tech,0.27314917
Arizona St_Washington,0.3369949001
Arizona St_Wisconsin,0.249408133
Arizona St_Wofford,0.4301898014
Arizona St_Yale,0.7730419345
Auburn_Baylor,0.7546663258
Auburn_Belmont,0.8617523221
Auburn_Bradley,0.9340631725
Auburn_Buffalo,0.5808202005
Auburn_Cincinnati,0.6446104061
Auburn_Colgate,0.9176295456
Auburn_Duke,0.2607453825
Auburn_F Dickinson,0.9728587687
Auburn_Florida,0.6792664116
Auburn_Florida St,0.4247376152
Auburn_Gardner Webb,0.9496776586
Auburn_Georgia St,0.8858124509
Auburn_Gonzaga,0.3936837517
Auburn_Houston,0.5035175336
Auburn_Iona,0.9758299601
Auburn_Iowa,0.646077173
Auburn_Iowa St,0.5841077434
Auburn_Kansas,0.4599474634
Auburn_Kansas St,0.5409359484
Auburn_Kentucky,0.3995629599
Auburn_Liberty,0.8631939882
Auburn_Louisville,0.6143476268
Auburn_LSU,0.5168119393
Auburn_Marquette,0.6044605075
Auburn_Maryland,0.5992326828
Auburn_Michigan,0.3477744651
Auburn_Michigan St,0.3310538732
Auburn_Minnesota,0.6599165091
Auburn_Mississippi,0.7308839059
Auburn_Mississippi ST,0.5903082627
Auburn_Montana,0.906176342
Auburn_Murray St,0.8526562736
Auburn_N Dakota St,0.9616429901
Auburn_N Kentucky,0.8782558205
Auburn_NC Central,0.9886606458
Auburn_Nevada,0.6037558078
Auburn_New Mexico St,0.7519487507
Auburn_North Carolina,0.3556467304
Auburn_Northeastern,0.8811688397
Auburn_Ohio St,0.6935020619
Auburn_Oklahoma,0.6799994143
Auburn_Old Dominion,0.8530224505
Auburn_Oregon,0.7091001976
Auburn_Prairie View,0.9694008701
Auburn_Purdue,0.4861398603
Auburn_Seton Hall,0.7407657551
Auburn_St John's,0.7902185069
Auburn_ St. Louis,0.8678259423
Auburn_ St. Mary's CA,0.7693506246
Auburn_Syracuse,0.6766108991
Auburn_Temple,0.8043833802
Auburn_Tennessee,0.3410911396
Auburn_Texas Tech,0.4638731742
Auburn_UC Irvine,0.790432424
Auburn_UCF,0.7567689265
Auburn_Utah St,0.7179775273
Auburn_VA CommonWealth,0.7441718672
Auburn_Vermont,0.8638624004
Auburn_Villanova,0.5906802802
Auburn_Virginia,0.2801874159
Auburn_Virginia Tech,0.5412425769
Auburn_Washington,0.6147526303
Auburn_Wisconsin,0.5105678735
Auburn_Wofford,0.703281297
Auburn_Yale,0.9144809304
Baylor_Belmont,0.668631768
Baylor_Bradley,0.8209694061
Baylor_Buffalo,0.3096456344
Baylor_Cincinnati,0.3699371774
Baylor_Colgate,0.782900382
Baylor_Duke,0.1024755775
Baylor_F Dickinson,0.9206540613
Baylor_Florida,0.4067263313
Baylor_Florida St,0.1929004968
Baylor_Gardner Webb,0.859332342
Baylor_Georgia St,0.7151939157
Baylor_Gonzaga,0.173679424
Baylor_Houston,0.2471543022
Baylor_Iona,0.9289226461
Baylor_Iowa,0.3714321572
Baylor_Iowa St,0.3125427083
Baylor_Kansas,0.2161115595
Baylor_Kansas St,0.2761166819
Baylor_Kentucky,0.1772335174
Baylor_Liberty,0.6713192054
Baylor_Louisville,0.3402246529
Baylor_LSU,0.2571862723
Baylor_Marquette,0.3309631481
Baylor_Maryland,0.3261502853
Baylor_Michigan,0.1471973392
Baylor_Michigan St,0.1380786925
Baylor_Minnesota,0.3858013919
Baylor_Mississippi,0.4678429371
Baylor_Mississippi ST,0.3180651375
Baylor_Montana,0.7576611083
Baylor_Murray St,0.6519610818
Baylor_N Dakota St,0.8902979533
Baylor_N Kentucky,0.7001680348
Baylor_NC Central,0.9657809316
Baylor_Nevada,0.3303110302
Baylor_New Mexico St,0.4952788868
Baylor_North Carolina,0.1515845301
Baylor_Northeastern,0.7059153707
Baylor_Ohio St,0.4227792439
Baylor_Oklahoma,0.4075389312
Baylor_Old Dominion,0.6526228242
Baylor_Oregon,0.441050473
Baylor_Prairie View,0.9111524977
Baylor_Purdue,0.2344463401
Baylor_Seton Hall,0.4805185103
Baylor_St John's,0.5494194242
Baylor_ St. Louis,0.6800395762
Baylor_ St. Mary's CA,0.5191731696
Baylor_Syracuse,0.4037948926
Baylor_Temple,0.5710169446
Baylor_Tennessee,0.1435203991
Baylor_Texas Tech,0.2187992741
Baylor_UC Irvine,0.5497389768
Baylor_UCF,0.5017820517
Baylor_Utah St,0.451783723
Baylor_VA CommonWealth,0.4849666175
Baylor_Vermont,0.672569482
Baylor_Villanova,0.3183989236
Baylor_Virginia,0.1119028589
Baylor_Virginia Tech,0.2763635681
Baylor_Washington,0.3406085493
Baylor_Wisconsin,0.2524401799
Baylor_Wofford,0.4341484049
Baylor_Yale,0.775859684
Belmont_Bradley,0.6935278606
Belmont_Buffalo,0.1812292854
Belmont_Cincinnati,0.2246534829
Belmont_Colgate,0.6402350718
Belmont_Duke,0.0533386404
Belmont_F Dickinson,0.8513213635
Belmont_Florida,0.2527913887
Belmont_Florida St,0.1055015956
Belmont_Gardner Webb,0.7509136593
Belmont_Georgia St,0.5534155379
Belmont_Gonzaga,0.093975165
Belmont_Houston,0.1394204319
Belmont_Iona,0.8657615836
Belmont_Iowa,0.225771729
Belmont_Iowa St,0.1832437967
Belmont_Kansas,0.1197566603
Belmont_Kansas St,0.1584146788
Belmont_Kentucky,0.096087891
Belmont_Liberty,0.5019732679
Belmont_Louisville,0.202852951
Belmont_LSU,0.1459271126
Belmont_Marquette,0.1962188068
Belmont_Maryland,0.1928007271
Belmont_Michigan,0.07849172
Belmont_Michigan St,0.0732636323
Belmont_Minnesota,0.2366272709
Belmont_Mississippi,0.3025739833
Belmont_Mississippi ST,0.1871033983
Belmont_Montana,0.6067412179
Belmont_Murray St,0.4803616043
Belmont_N Dakota St,0.8001966033
Belmont_N Kentucky,0.5353990714
Belmont_NC Central,0.9330110528
Belmont_Nevada,0.1957545027
Belmont_New Mexico St,0.3262600174
Belmont_North Carolina,0.0810257118
Belmont_Northeastern,0.5422398815
Belmont_Ohio St,0.2654875104
Belmont_Oklahoma,0.253427816
Belmont_Old Dominion,0.4810899312
Belmont_Oregon,0.2802615851
Belmont_Prairie View,0.8350052365
Belmont_Purdue,0.1312858466
Belmont_Seton Hall,0.31340894
Belmont_St John's,0.3756767098
Belmont_ St. Louis,0.5119200179
Belmont_ St. Mary's CA,0.3476161472
Belmont_Syracuse,0.2505009632
Belmont_Temple,0.3964537914
Belmont_Tennessee,0.0763773159
Belmont_Texas Tech,0.1214316716
Belmont_UC Irvine,0.3759795316
Belmont_UCF,0.3320037402
Belmont_Utah St,0.2891058057
Belmont_VA CommonWealth,0.3172548555
Belmont_Vermont,0.5033911916
Belmont_Villanova,0.187337505
Belmont_Virginia,0.0585403878
Belmont_Virginia Tech,0.1585793782
Belmont_Washington,0.2031295649
Belmont_Wisconsin,0.1428393731
Belmont_Wofford,0.2746393895
Belmont_Yale,0.6307498079
Bradley_Buffalo,0.0887521736
Bradley_Cincinnati,0.1130782402
Bradley_Colgate,0.4391675183
Bradley_Duke,0.0241928864
Bradley_F Dickinson,0.7158720167
Bradley_Florida,0.1295768079
Bradley_Florida St,0.0493380504
Bradley_Gardner Webb,0.5701750045
Bradley_Georgia St,0.3528705002
Bradley_Gonzaga,0.0436482722
Bradley_Houston,0.0665435362
Bradley_Iona,0.739441203
Bradley_Iowa,0.1137225636
Bradley_Iowa St,0.0898515341
Bradley_Kansas,0.0564836526
Bradley_Kansas St,0.0764917284
Bradley_Kentucky,0.0446853644
Bradley_Liberty,0.3072446058
Bradley_Louisville,0.1006988376
Bradley_LSU,0.0699254441
Bradley_Marquette,0.0969990363
Bradley_Maryland,0.0951048334
Bradley_Michigan,0.0361261129
Bradley_Michigan St,0.0336169239
Bradley_Minnesota,0.1200257755
Bradley_Mississippi,0.1603001502
Bradley_Mississippi ST,0.0919655377
Bradley_Montana,0.404369512
Bradley_Murray St,0.2891491669
Bradley_N Dakota St,0.6379777407
Bradley_N Kentucky,0.3364639189
Bradley_NC Central,0.8597196608
Bradley_Nevada,0.0967412541
Bradley_New Mexico St,0.1756538134
Bradley_North Carolina,0.0373478243
Bradley_Northeastern,0.3426374752
Bradley_Ohio St,0.1372210849
Bradley_Oklahoma,0.1299569821
Bradley_Old Dominion,0.2897492337
Bradley_Oregon,0.1462787952
Bradley_Prairie View,0.6901024633
Bradley_Purdue,0.0623529249
Bradley_Seton Hall,0.1672622403
Bradley_St John's,0.2093471265
Bradley_ St. Louis,0.3157793413
Bradley_ St. Mary's CA,0.1899307562
Bradley_Syracuse,0.1282112146
Bradley_Temple,0.2242290903
Bradley_Tennessee,0.035109469
Bradley_Texas Tech,0.0573313178
Bradley_UC Irvine,0.2095608782
Bradley_UCF,0.1794523557
Bradley_Utah St,0.1517865873
Bradley_VA CommonWealth,0.1697581695
Bradley_Vermont,0.3084531533
Bradley_Villanova,0.0920940924
Bradley_Virginia,0.0266322148
Bradley_Virginia Tech,0.076579005
Bradley_Washington,0.1008537763
Bradley_Wisconsin,0.068317223
Bradley_Wofford,0.1428110567
Bradley_Yale,0.4291080893
Buffalo_Cincinnati,0.5658720896
Buffalo_Colgate,0.8889602548
Buffalo_Duke,0.2022161293
Buffalo_F Dickinson,0.9626293306
Buffalo_Florida,0.6034832363
Buffalo_Florida St,0.3466590735
Buffalo_Gardner Webb,0.9313280557
Buffalo_Georgia St,0.8479046232
Buffalo_Gonzaga,0.3181565745
Buffalo_Houston,0.4215698624
Buffalo_Iona,0.9666820024
Buffalo_Iowa,0.567445761
Buffalo_Iowa St,0.5023141334
Buffalo_Kansas,0.3796682002
Buffalo_Kansas St,0.4585226617
Buffalo_Kentucky,0.3235096869
Buffalo_Liberty,0.8193089937
Buffalo_Louisville,0.5337540653
Buffalo_LSU,0.4345945608
Buffalo_Marquette,0.5234036532
Buffalo_Maryland,0.5179588567
Buffalo_Michigan,0.2770306129
Buffalo_Michigan St,0.2623432131
Buffalo_Minnesota,0.5823722947
Buffalo_Mississippi,0.6612140535
Buffalo_Mississippi ST,0.5087084274
Buffalo_Montana,0.874067797
Buffalo_Murray St,0.8061500902
Buffalo_N Dakota St,0.9474148519
Buffalo_N Kentucky,0.8382972983
Buffalo_NC Central,0.984290712
Buffalo_Nevada,0.5226685809
Buffalo_New Mexico St,0.6853848082
Buffalo_North Carolina,0.2839987953
Buffalo_Northeastern,0.8419944093
Buffalo_Ohio St,0.6191968251
Buffalo_Oklahoma,0.6042885378
Buffalo_Old Dominion,0.8066056293
Buffalo_Oregon,0.6365949021
Buffalo_Prairie View,0.9579245272
Buffalo_Purdue,0.4047149448
Buffalo_Seton Hall,0.6725078616
Buffalo_St John's,0.7302399637
Buffalo_ St. Louis,0.8251257802
Buffalo_ St. Mary's CA,0.705628326
Buffalo_Syracuse,0.6005692363
Buffalo_Temple,0.7471588986
Buffalo_Tennessee,0.2711416275
Buffalo_Texas Tech,0.3833951513
Buffalo_UC Irvine,0.7304941826
Buffalo_UCF,0.6909668758
Buffalo_Utah St,0.6465820792
Buffalo_VA CommonWealth,0.6764190618
Buffalo_Vermont,0.8201471459
Buffalo_Villanova,0.509092922
Buffalo_Virginia,0.2185844256
Buffalo_Virginia Tech,0.4588292663
Buffalo_Washington,0.5341795311
Buffalo_Wisconsin,0.4284629992
Buffalo_Wofford,0.6300822675
Buffalo_Yale,0.8848532691
Cincinnati_Colgate,0.8594674896
Cincinnati_Duke,0.1622215317
Cincinnati_F Dickinson,0.9516390016
Cincinnati_Florida,0.5376062877
Cincinnati_Florida St,0.2884246455
Cincinnati_Gardner Webb,0.9119741136
Cincinnati_Georgia St,0.8098398925
Cincinnati_Gonzaga,0.2627843747
Cincinnati_Houston,0.3576398987
Cincinnati_Iona,0.956830073
Cincinnati_Iowa,0.500536816
Cincinnati_Iowa St,0.435355454
Cincinnati_Kansas,0.318592651
Cincinnati_Kansas St,0.3927942692
Cincinnati_Kentucky,0.2675714327
Cincinnati_Liberty,0.7759784839
Cincinnati_Louisville,0.4665330516
Cincinnati_LSU,0.3699527106
Cincinnati_Marquette,0.456210696
Cincinnati_Maryland,0.4508037276
Cincinnati_Michigan,0.2264389815
Cincinnati_Michigan St,0.2136411981
Cincinnati_Minnesota,0.5158020779
Cincinnati_Mississippi,0.5985480512
Cincinnati_Mississippi ST,0.4416537847
Cincinnati_Montana,0.8413255514
Cincinnati_Murray St,0.7605861178
Cincinnati_N Dakota St,0.9322649424
Cincinnati_N Kentucky,0.7983998338
Cincinnati_NC Central,0.9795353433
Cincinnati_Nevada,0.4554798048
Cincinnati_New Mexico St,0.6246517395
Cincinnati_North Carolina,0.23254394
Cincinnati_Northeastern,0.8027945549
Cincinnati_Ohio St,0.554001147
Cincinnati_Oklahoma,0.5384430542
Cincinnati_Old Dominion,0.7611170017
Cincinnati_Oregon,0.5723205194
Cincinnati_Prairie View,0.9456287145
Cincinnati_Purdue,0.3418304827
Cincinnati_Seton Hall,0.6107009482
Cincinnati_St John's,0.674047784
Cincinnati_ St. Louis,0.7828204089
Cincinnati_ St. Mary's CA,0.6467891818
Cincinnati_Syracuse,0.5345815286
Cincinnati_Temple,0.6930094067
Cincinnati_Tennessee,0.2212962598
Cincinnati_Texas Tech,0.3220313006
Cincinnati_UC Irvine,0.6743313412
Cincinnati_UCF,0.6307308022
Cincinnati_Utah St,0.5829167902
Cincinnati_VA CommonWealth,0.614927641
Cincinnati_Vermont,0.7769629134
Cincinnati_Villanova,0.4420331977
Cincinnati_Virginia,0.1760669488
Cincinnati_Virginia Tech,0.3930888293
Cincinnati_Washington,0.4669585993
Cincinnati_Wisconsin,0.3641457855
Cincinnati_Wofford,0.5654423136
Cincinnati_Yale,0.8544482717
Colgate_Duke,0.0305629721
Colgate_F Dickinson,0.7621234329
Colgate_Florida,0.1591687921
Colgate_Florida St,0.0619089102
Colgate_Gardner Webb,0.6278128267
Colgate_Georgia St,0.409467944
Colgate_Gonzaga,0.0548530788
Colgate_Houston,0.0831149197
Colgate_Iona,0.7830188385
Colgate_Iowa,0.140277361
Colgate_Iowa St,0.1115337867
Colgate_Kansas,0.070739668
Colgate_Kansas St,0.0952876226
Colgate_Kentucky,0.0561407712
Colgate_Liberty,0.3606018769
Colgate_Louisville,0.1246402098
Colgate_LSU,0.087260297
Colgate_Marquette,0.1201783228
Colgate_Maryland,0.1178905684
Colgate_Michigan,0.0454917837
Colgate_Michigan St,0.0423606779
Colgate_Minnesota,0.1478069433
Colgate_Mississippi,0.1953339771
Colgate_Mississippi ST,0.1140939755
Colgate_Montana,0.4633131998
Colgate_Murray St,0.3409103753
Colgate_N Dakota St,0.6914437595
Colgate_N Kentucky,0.3920240058
Colgate_NC Central,0.8862749473
Colgate_Nevada,0.119867117
Colgate_New Mexico St,0.2131912614
Colgate_North Carolina,0.047014774
Colgate_Northeastern,0.3986045944
Colgate_Ohio St,0.1682214322
Colgate_Oklahoma,0.1596198667
Colgate_Old Dominion,0.3415662461
Colgate_Oregon,0.1789011138
Colgate_Prairie View,0.7390194509
Colgate_Purdue,0.0779678845
Colgate_Seton Hall,0.203448983
Colgate_St John's,0.2518847756
Colgate_ St. Louis,0.369827528
Colgate_ St. Mary's CA,0.229669173
Colgate_Syracuse,0.1575477808
Colgate_Temple,0.2687627366
Colgate_Tennessee,0.0442236682
Colgate_Texas Tech,0.0717849998
Colgate_UC Irvine,0.2521281098
Colgate_UCF,0.2175872938
Colgate_Utah St,0.1853705166
Colgate_VA CommonWealth,0.2063510918
Colgate_Vermont,0.361910659
Colgate_Villanova,0.1142495707
Colgate_Virginia,0.0336224551
Colgate_Virginia Tech,0.0953941299
Colgate_Washington,0.1248268723
Colgate_Wisconsin,0.0852899506
Colgate_Wofford,0.1748183806
Colgate_Yale,0.4886991607
Duke_F Dickinson,0.9902145165
Duke_Florida,0.8567112693
Duke_Florida St,0.6757880524
Duke_Gardner Webb,0.9815760884
Duke_Georgia St,0.9563324221
Duke_Gonzaga,0.6470239045
Duke_Houston,0.741140938
Duke_Iona,0.9913027335
Duke_Iowa,0.8374909496
Duke_Iowa St,0.7985885328
Duke_Kansas,0.7062587798
Duke_Kansas St,0.7688711086
Duke_Kentucky,0.652614219
Duke_Liberty,0.9468444442
Duke_Louisville,0.8180901418
Duke_LSU,0.7512163045
Duke_Marquette,0.8118265232
Duke_Maryland,0.8084710132
Duke_Michigan,0.6008481826
Duke_Michigan St,0.5828330503
Duke_Minnesota,0.8456338212
Duke_Mississippi,0.8846221753
Duke_Mississippi ST,0.8026716371
Duke_Montana,0.9646222531
Duke_Murray St,0.942319491
Duke_N Dakota St,0.9860680782
Duke_N Kentucky,0.9531960345
Duke_NC Central,0.9959537427
Duke_Nevada,0.811375983
Duke_New Mexico St,0.8953758795
Duke_North Carolina,0.6090992336
Duke_Northeastern,0.9544090133
Duke_Ohio St,0.8646405307
Duke_Oklahoma,0.8571240395
Duke_Old Dominion,0.9424778705
Duke_Oregon,0.8731225919
Duke_Prairie View,0.9889426758
Duke_Purdue,0.7275805863
Duke_Seton Hall,0.8897106638
Duke_St John's,0.9140468704
Duke_ St. Louis,0.9488121281
Duke_ St. Mary's CA,0.9040003153
Duke_Syracuse,0.855211755
Duke_Temple,0.9206897663
Duke_Tennessee,0.5937286661
Duke_Texas Tech,0.7095247746
Duke_UC Irvine,0.9141482363
Duke_UCF,0.897787804
Duke_Utah St,0.8778566762
Duke_VA CommonWealth,0.8914465536
Duke_Vermont,0.9471291869
Duke_Villanova,0.802915201
Duke_Virginia,0.5235586762
Duke_Virginia Tech,0.7690904795
Duke_Washington,0.8183444467
Duke_Wisconsin,0.7465156469
Duke_Wofford,0.8699830698
Duke_Yale,0.9679366782
F Dickinson_Florida,0.0555644596
F Dickinson_Florida St,0.0200986179
F Dickinson_Gardner Webb,0.3439427694
F Dickinson_Georgia St,0.1772949174
F Dickinson_Gonzaga,0.0177179539
F Dickinson_Houston,0.0274014397
F Dickinson_Iona,0.528650649
F Dickinson_Iowa,0.0482637973
F Dickinson_Iowa St,0.0375507856
F Dickinson_Kansas,0.023112444
F Dickinson_Kansas St,0.0316966291
F Dickinson_Kentucky,0.0181506294
F Dickinson_Liberty,0.14913891
F Dickinson_Louisville,0.0423780851
F Dickinson_LSU,0.0288555433
F Dickinson_Marquette,0.0407240275
F Dickinson_Maryland,0.0398802326
F Dickinson_Michigan,0.0145963125
F Dickinson_Michigan St,0.0135614659
F Dickinson_Minnesota,0.0511482615
F Dickinson_Mississippi,0.0701534582
F Dickinson_Mississippi ST,0.0384863042
F Dickinson_Montana,0.2115463754
F Dickinson_Murray St,0.1384936611
F Dickinson_N Dakota St,0.4105383639
F Dickinson_N Kentucky,0.1669456931
F Dickinson_NC Central,0.7077798339
F Dickinson_Nevada,0.0406090747
F Dickinson_New Mexico St,0.0776714729
F Dickinson_North Carolina,0.0151013373
F Dickinson_Northeastern,0.170809554
F Dickinson_Ohio St,0.0591390981
F Dickinson_Oklahoma,0.0557413901
F Dickinson_Old Dominion,0.1388421417
F Dickinson_Oregon,0.0634216273
F Dickinson_Prairie View,0.4681084578
F Dickinson_Purdue,0.0256081968
F Dickinson_Seton Hall,0.0735432396
F Dickinson_St John's,0.0947299392
F Dickinson_ St. Louis,0.1542597075
F Dickinson_ St. Mary's CA,0.0848037998
F Dickinson_Syracuse,0.0549296491
F Dickinson_Temple,0.1025205501
F Dickinson_Tennessee,0.0141766387
F Dickinson_Texas Tech,0.0234717572
F Dickinson_UC Irvine,0.0948407
F Dickinson_UCF,0.0795556194
F Dickinson_Utah St,0.0660509965
F Dickinson_VA CommonWealth,0.0747662326
F Dickinson_Vermont,0.1498600826
F Dickinson_Villanova,0.0385432757
F Dickinson_Virginia,0.0106976238
F Dickinson_Virginia Tech,0.0317345511
F Dickinson_Washington,0.042447525
F Dickinson_Wisconsin,0.02816329
F Dickinson_Wofford,0.0617759968
F Dickinson_Yale,0.2290242545
Florida_Florida St,0.2576882926
Florida_Gardner Webb,0.8987133556
Florida_Georgia St,0.7848233058
Florida_Gonzaga,0.2338823227
Florida_Houston,0.3228743671
Florida_Iona,0.9499558836
Florida_Iowa,0.4618682277
Florida_Iowa St,0.3977127035
Florida_Kansas,0.2859332496
Florida_Kansas St,0.3565080325
Florida_Kentucky,0.2383130781
Florida_Liberty,0.7478939949
Florida_Louisville,0.4282390677
Florida_LSU,0.3346137569
Florida_Marquette,0.418099944
Florida_Maryland,0.4128017771
Florida_Michigan,0.2004474506
Florida_Michigan St,0.1887601934
Florida_Minnesota,0.4770806411
Florida_Mississippi,0.5608094627
Florida_Mississippi ST,0.4038559588
Florida_Montana,0.8195280083
Florida_Murray St,0.7312403014
Florida_N Dakota St,0.9217988059
Florida_N Kentucky,0.7723013994
Florida_NC Central,0.97618666
Florida_Nevada,0.4173832457
Florida_New Mexico St,0.5876766214
Florida_North Carolina,0.2060383037
Florida_Northeastern,0.7771062153
Florida_Ohio St,0.5154648859
Florida_Oklahoma,0.4997763017
Florida_Old Dominion,0.7318133128
Florida_Oregon,0.5340357946
Florida_Prairie View,0.9370881457
Florida_Purdue,0.3078652085
Florida_Seton Hall,0.5732903441
Florida_St John's,0.6391274677
Florida_ St. Louis,0.7553232018
Florida_ St. Mary's CA,0.6106354794
Florida_Syracuse,0.4958941463
Florida_Temple,0.659093098
Florida_Tennessee,0.1957456574
Florida_Texas Tech,0.2891689891
Florida_UC Irvine,0.6394251527
Florida_UCF,0.5939652679
Florida_Utah St,0.5448262215
Florida_VA CommonWealth,0.577642303
Florida_Vermont,0.748961912
Florida_Villanova,0.4042264088
Florida_Virginia,0.1547010169
Florida_Virginia Tech,0.3567913705
Florida_Washington,0.4286577529
Florida_Wisconsin,0.3290718109
Florida_Wofford,0.5270506825
Florida_Yale,0.8340979551
Florida St_Gardner Webb,0.9621946741
Florida St_Georgia St,0.9127557218
Florida St_Gonzaga,0.4668585481
Florida St_Houston,0.577657294
Florida St_Iona,0.9819654689
Florida St_Iowa,0.7111412785
Florida St_Iowa St,0.6544714196
Florida St_Kansas,0.5345795038
Florida St_Kansas St,0.6137740863
Florida St_Kentucky,0.4729780754
Florida St_Liberty,0.8948406487
Florida St_Louisville,0.6823771601
Florida St_LSU,0.5905806919
Florida St_Marquette,0.6733066757
Florida St_Maryland,0.6684897418
Florida St_Michigan,0.4183031788
Florida St_Michigan St,0.4002726771
Florida St_Minnesota,0.7235251607
Florida St_Mississippi,0.7855327483
Florida St_Mississippi ST,0.6602331063
Florida St_Montana,0.9287013758
Florida St_Murray St,0.8864198241
Florida St_N Dakota St,0.9712738137
Florida St_N Kentucky,0.9067945143
Florida St_NC Central,0.9915672607
Florida St_Nevada,0.672658209
Florida St_New Mexico St,0.8034702155
Florida St_North Carolina,0.4267274112
Florida St_Northeastern,0.909095357
Florida St_Ohio St,0.7531784371
Florida St_Oklahoma,0.7413241865
Florida St_Old Dominion,0.8867132407
Florida St_Oregon,0.7667609657
Florida St_Prairie View,0.9771301402
Florida St_Purdue,0.5606101193
Florida St_Seton Hall,0.7939735692
Florida St_St John's,0.8355297626
Florida St_ St. Louis,0.8985270745
Florida St_ St. Mary's CA,0.8181318355
Florida St_Syracuse,0.7383351649
Florida St_Temple,0.8472266241
Florida St_Tennessee,0.4111188134
Florida St_Texas Tech,0.5385070374
Florida St_UC Irvine,0.8357070814
Florida St_UCF,0.8075454587
Florida St_Utah St,0.7744384013
Florida St_VA CommonWealth,0.7968722806
Florida St_Vermont,0.8953731817
Florida St_Villanova,0.660578138
Florida St_Virginia,0.344243826
Florida St_Virginia Tech,0.6140667739
Florida St_Washington,0.6827476141
Florida St_Wisconsin,0.5845235448
Florida St_Wofford,0.7617078631
Florida St_Yale,0.9351548829
Gardner Webb_Georgia St,0.2904350994
Gardner Webb_Gonzaga,0.0331247548
Gardner Webb_Houston,0.0507931884
Gardner Webb_Iona,0.6805367747
Gardner Webb_Iowa,0.0878563226
Gardner Webb_Iowa St,0.0689921115
Gardner Webb_Kansas,0.0430047044
Gardner Webb_Kansas St,0.0585343733
Gardner Webb_Kentucky,0.0339206746
Gardner Webb_Liberty,0.2497662565
Gardner Webb_Louisville,0.0775356965
Gardner Webb_LSU,0.0534204343
Gardner Webb_Marquette,0.0746163257
Gardner Webb_Maryland,0.0731238187
Gardner Webb_Michigan,0.0273642818
Gardner Webb_Michigan St,0.025447591
Gardner Webb_Minnesota,0.0928761056
Gardner Webb_Mississippi,0.1253380436
Gardner Webb_Mississippi ST,0.0706534381
Gardner Webb_Montana,0.3375753825
Gardner Webb_Murray St,0.2339130094
Gardner Webb_N Dakota St,0.5694901206
Gardner Webb_N Kentucky,0.27569471
Gardner Webb_NC Central,0.8214404059
Gardner Webb_Nevada,0.0744131254
Gardner Webb_New Mexico St,0.1378929237
Gardner Webb_North Carolina,0.0282983853
Gardner Webb_Northeastern,0.2812258273
Gardner Webb_Ohio St,0.1066532749
Gardner Webb_Oklahoma,0.1008182585
Gardner Webb_Old Dominion,0.2344362504
Gardner Webb_Oregon,0.1139597709
Gardner Webb_Prairie View,0.625690264
Gardner Webb_Purdue,0.0475439429
Gardner Webb_Seton Hall,0.1310185996
Gardner Webb_St John's,0.1657998823
Gardner Webb_ St. Louis,0.2572973554
Gardner Webb_ St. Mary's CA,0.1496579025
Gardner Webb_Syracuse,0.0994191951
Gardner Webb_Temple,0.1782842224
Gardner Webb_Tennessee,0.0265874078
Gardner Webb_Texas Tech,0.0436594477
Gardner Webb_UC Irvine,0.1659785045
Gardner Webb_UCF,0.1410145676
Gardner Webb_Utah St,0.11841946
Gardner Webb_VA CommonWealth,0.1330601104
Gardner Webb_Vermont,0.2508305752
Gardner Webb_Villanova,0.0707545228
Gardner Webb_Virginia,0.0201249058
Gardner Webb_Virginia Tech,0.0586024609
Gardner Webb_Washington,0.0776580732
Gardner Webb_Wisconsin,0.0521705205
Gardner Webb_Wofford,0.1111584405
Gardner Webb_Yale,0.3607022274
Georgia St_Gonzaga,0.0769322052
Georgia St_Houston,0.1151834819
Georgia St_Iona,0.8382480662
Georgia St_Iowa,0.1898347563
Georgia St_Iowa St,0.1527406988
Georgia St_Kansas,0.0985466312
Georgia St_Kansas St,0.1313798487
Georgia St_Kentucky,0.0786950556
Georgia St_Liberty,0.4474822185
Georgia St_Louisville,0.1697641417
Georgia St_LSU,0.120717705
Georgia St_Marquette,0.1639895216
Georgia St_Maryland,0.1610203979
Georgia St_Michigan,0.0640582421
Georgia St_Michigan St,0.0597292103
Georgia St_Minnesota,0.1994074156
Georgia St_Mississippi,0.2584936597
Georgia St_Mississippi ST,0.1560806001
Georgia St_Montana,0.5535173533
Georgia St_Murray St,0.4262088632
Georgia St_N Dakota St,0.762924724
Georgia St_N Kentucky,0.4807823841
Georgia St_NC Central,0.9179751056
Georgia St_Nevada,0.1635859592
Georgia St_New Mexico St,0.2801149447
Georgia St_North Carolina,0.0661597238
Georgia St_Northeastern,0.4876578262
Georgia St_Ohio St,0.2250665306
Georgia St_Oklahoma,0.2143072292
Georgia St_Old Dominion,0.4269225403
Georgia St_Oregon,0.238321062
Georgia St_Prairie View,0.8026250314
Georgia St_Purdue,0.1082850825
Georgia St_Seton Hall,0.2683575054
Georgia St_St John's,0.3259234163
Georgia St_ St. Louis,0.4573407585
Georgia St_ St. Mary's CA,0.2997945885
Georgia St_Syracuse,0.2117040646
Georgia St_Temple,0.3454714861
Georgia St_Tennessee,0.0623063572
Georgia St_Texas Tech,0.0999586704
Georgia St_UC Irvine,0.326207088
Georgia St_UCF,0.2853904091
Georgia St_Utah St,0.2462946728
Georgia St_VA CommonWealth,0.271869491
Georgia St_Vermont,0.4488849544
Georgia St_Villanova,0.1562833532
Georgia St_Virginia,0.047586215
Georgia St_Virginia Tech,0.1315208333
Georgia St_Washington,0.1700052579
Georgia St_Wisconsin,0.1180896293
Georgia St_Wofford,0.2332675338
Georgia St_Yale,0.5785180792
Gonzaga_Houston,0.6086551764
Gonzaga_Iona,0.9841056093
Gonzaga_Iowa,0.7368058648
Gonzaga_Iowa St,0.6829260784
Gonzaga_Kansas,0.5663656688
Gonzaga_Kansas St,0.6437559318
Gonzaga_Kentucky,0.5050763292
Gonzaga_Liberty,0.9063336032
Gonzaga_Louisville,0.709553605
Gonzaga_LSU,0.6212519651
Gonzaga_Marquette,0.7009190554
Gonzaga_Maryland,0.6963256286
Gonzaga_Michigan,0.449858166
Gonzaga_Michigan St,0.4314764138
Gonzaga_Minnesota,0.7484786177
Gonzaga_Mississippi,0.8063872762
Gonzaga_Mississippi ST,0.6884391604
Gonzaga_Montana,0.9367552154
Gonzaga_Murray St,0.8987289433
Gonzaga_N Dakota St,0.9746499685
Gonzaga_N Kentucky,0.91710205
Gonzaga_NC Central,0.9925765796
Gonzaga_Nevada,0.7003010013
Gonzaga_New Mexico St,0.8229736004
Gonzaga_North Carolina,0.4584170781
Gonzaga_Northeastern,0.9191711247
Gonzaga_Ohio St,0.7762830618
Gonzaga_Oklahoma,0.7651925286
Gonzaga_Old Dominion,0.8989941845
Gonzaga_Oregon,0.7889504217
Gonzaga_Prairie View,0.9798322996
Gonzaga_Purdue,0.5919754184
Gonzaga_Seton Hall,0.8142014564
Gonzaga_St John's,0.8524359145
Gonzaga_ St. Louis,0.9096578121
Gonzaga_ St. Mary's CA,0.8364763429
Gonzaga_Syracuse,0.7623909082
Gonzaga_Temple,0.8631273989
Gonzaga_Tennessee,0.4425441543
Gonzaga_Texas Tech,0.5702406074
Gonzaga_UC Irvine,0.852598222
Gonzaga_UCF,0.8267316349
Gonzaga_Utah St,0.796091695
Gonzaga_VA CommonWealth,0.816881208
Gonzaga_Vermont,0.9068139962
Gonzaga_Villanova,0.6887690512
Gonzaga_Virginia,0.3738021564
Gonzaga_Virginia Tech,0.6440390757
Gonzaga_Washington,0.7099058373
Gonzaga_Wisconsin,0.6153530448
Gonzaga_Wofford,0.7842427794
Gonzaga_Yale,0.9425248543
Houston_Iona,0.9753937991
Houston_Iowa,0.6418742835
Houston_Iowa St,0.579647748
Houston_Kansas,0.4553974153
Houston_Kansas St,0.5363804526
Houston_Kentucky,0.3951731639
Houston_Liberty,0.8610147475
Houston_Louisville,0.6099953953
Houston_LSU,0.5122329134
Houston_Marquette,0.6000693329
Houston_Maryland,0.5948223738
Houston_Michigan,0.3436280212
Houston_Michigan St,0.3270068342
Houston_Minnesota,0.6557904064
Houston_Mississippi,0.7272629722
Houston_Mississippi ST,0.585867617
Houston_Montana,0.9046061191
Houston_Murray St,0.850338277
Houston_N Dakota St,0.9609610599
Houston_N Kentucky,0.8762821185
Houston_NC Central,0.9884532815
Houston_Nevada,0.5993619951
Houston_New Mexico St,0.7485137201
Houston_North Carolina,0.3514570041
Houston_Northeastern,0.8792358695
Houston_Ohio St,0.6895917711
Houston_Oklahoma,0.6759973397
Houston_Old Dominion,0.8507092059
Houston_Oregon,0.7053043444
Houston_Prairie View,0.968852396
Houston_Purdue,0.4815617491
Houston_Seton Hall,0.7372299788
Houston_St John's,0.7871634345
Houston_ St. Louis,0.865709007
Houston_ St. Mary's CA,0.7660816109
Houston_Syracuse,0.6725868509
Houston_Temple,0.8014827701
Houston_Tennessee,0.3369832097
Houston_Texas Tech,0.4593173203
Houston_UC Irvine,0.7873796286
Houston_UCF,0.7533787537
Houston_Utah St,0.7142508319
Houston_VA CommonWealth,0.7406662839
Houston_Vermont,0.8616921011
Houston_Villanova,0.5862408405
Houston_Virginia,0.2765051756
Houston_Virginia Tech,0.5366875177
Houston_Washington,0.6104020709
Houston_Wisconsin,0.5059862373
Houston_Wofford,0.6994416981
Houston_Yale,0.9130363542
Iona_Iowa,0.0430826871
Iona_Iowa St,0.0334792603
Iona_Kansas,0.0205729634
Iona_Kansas St,0.0282412279
Iona_Kentucky,0.0161473169
Iona_Liberty,0.1346610575
Iona_Louisville,0.0378037083
Iona_LSU,0.0257016415
Iona_Marquette,0.0363214211
Iona_Maryland,0.0355654654
Iona_Michigan,0.0129801092
Iona_Michigan St,0.0120584457
Iona_Minnesota,0.045672364
Iona_Mississippi,0.0627774953
Iona_Mississippi ST,0.03431696
Iona_Montana,0.1923800182
Iona_Murray St,0.1248975174
Iona_N Dakota St,0.3820797936
Iona_N Kentucky,0.1510460907
Iona_NC Central,0.6825761092
Iona_Nevada,0.0362184265
Iona_New Mexico St,0.0695641983
Iona_North Carolina,0.0134299763
Iona_Northeastern,0.1546102609
Iona_Ohio St,0.052855362
Iona_Oklahoma,0.0497995638
Iona_Old Dominion,0.1252167596
Iona_Oregon,0.0567102846
Iona_Prairie View,0.4386287204
Iona_Purdue,0.0228008958
Iona_Seton Hall,0.0658361081
Iona_St John's,0.0850062217
Iona_ St. Louis,0.1393661704
Iona_ St. Mary's CA,0.0760134145
Iona_Syracuse,0.0490698548
Iona_Temple,0.0920784906
Iona_Tennessee,0.0126063101
Iona_Texas Tech,0.0208936415
Iona_UC Irvine,0.0851066821
Iona_UCF,0.0712668754
Iona_Utah St,0.0590789627
Iona_VA CommonWealth,0.0669401953
Iona_Vermont,0.1353233558
Iona_Villanova,0.0343679802
Iona_Virginia,0.0095089442
Iona_Virginia Tech,0.0282751366
Iona_Washington,0.037865949
Iona_Wisconsin,0.0250830971
Iona_Wofford,0.0552285276
Iona_Yale,0.2086935169
Iowa_Iowa St,0.4337807439
Iowa_Kansas,0.3172030206
Iowa_Kansas St,0.3912668294
Iowa_Kentucky,0.2663173679
Iowa_Liberty,0.7748624701
Iowa_Louisville,0.4649384281
Iowa_LSU,0.3684601948
Iowa_Marquette,0.4546212872
Iowa_Maryland,0.4492175948
Iowa_Michigan,0.2253183924
Iowa_Michigan St,0.2125665387
Iowa_Minnesota,0.5142013727
Iowa_Mississippi,0.5970071729
Iowa_Mississippi ST,0.4400740486
Iowa_Montana,0.8404681515
Iowa_Murray St,0.7594171973
Iowa_N Dakota St,0.9318591359
Iowa_N Kentucky,0.7973663493
Iowa_NC Central,0.979406482
Iowa_Nevada,0.4538908169
Iowa_New Mexico St,0.6231479717
Iowa_North Carolina,0.2314021765
Iowa_Northeastern,0.8017780061
Iowa_Ohio St,0.5524171437
Iowa_Oklahoma,0.5368499894
Iowa_Old Dominion,0.7599498552
Iowa_Oregon,0.5707511672
Iowa_Prairie View,0.9452982737
Iowa_Purdue,0.3403901265
Iowa_Seton Hall,0.6091762583
Iowa_St John's,0.672638201
Iowa_ St. Louis,0.7817288922
Iowa_ St. Mary's CA,0.6453237458
Iowa_Syracuse,0.5329866957
Iowa_Temple,0.6916443111
Iowa_Tennessee,0.2201938764
Iowa_Texas Tech,0.3206337291
Iowa_UC Irvine,0.6729223894
Iowa_UCF,0.6292369332
Iowa_Utah St,0.5813578786
Iowa_VA CommonWealth,0.6134090259
Iowa_Vermont,0.7758503872
Iowa_Villanova,0.4404531751
Iowa_Virginia,0.1751391998
Iowa_Virginia Tech,0.3915609827
Iowa_Washington,0.4653637902
Iowa_Wisconsin,0.3626632119
Iowa_Wofford,0.5638669556
Iowa_Yale,0.8536494458
Iowa St_Kansas,0.3764896726
Iowa St_Kansas St,0.4551683668
Iowa St_Kentucky,0.3205583583
Iowa St_Liberty,0.8172991307
Iowa St_Louisville,0.5303884998
Iowa St_LSU,0.431275891
Iowa St_Marquette,0.5200305591
Iowa St_Maryland,0.5145829659
Iowa St_Michigan,0.2743313559
Iowa St_Michigan St,0.2597356502
Iowa St_Minnesota,0.5790809192
Iowa St_Mississippi,0.6581793343
Iowa St_Mississippi ST,0.5053296238
Iowa St_Montana,0.8725722947
Iowa St_Murray St,0.8040288681
Iowa St_N Dakota St,0.9467373017
Iowa St_N Kentucky,0.836456486
Iowa St_NC Central,0.9840803168
Iowa St_Nevada,0.5192950624
Iowa St_New Mexico St,0.682462625
Iowa St_North Carolina,0.2812580568
Iowa St_Northeastern,0.8401876611
Iowa St_Ohio St,0.6160043083
Iowa St_Oklahoma,0.6010515636
Iowa St_Old Dominion,0.8044881831
Iowa St_Oregon,0.6334619021
Iowa St_Prairie View,0.9573763
Iowa St_Purdue,0.4014624338
Iowa St_Seton Hall,0.6695237453
Iowa St_St John's,0.7275687997
Iowa St_ St. Louis,0.8231666539
Iowa St_ St. Mary's CA,0.7028126384
Iowa St_Syracuse,0.5973221114
Iowa St_Temple,0.7445966713
Iowa St_Tennessee,0.2684784418
Iowa St_Texas Tech,0.3802045457
Iowa St_UC Irvine,0.7278245976
Iowa St_UCF,0.6880729433
Iowa St_Utah St,0.6434869613
Iowa St_VA CommonWealth,0.6734532794
Iowa St_Vermont,0.8181445365
Iowa St_Villanova,0.5057141933
Iowa St_Virginia,0.216284277
Iowa St_Virginia Tech,0.4554746152
Iowa St_Washington,0.5308143372
Iowa St_Wisconsin,0.4251559436
Iowa St_Wofford,0.6269260252
Iowa St_Yale,0.8834687731
Kansas_Kansas St,0.5794226952
Kansas_Kentucky,0.4375789507
Kansas_Liberty,0.8806256556
Kansas_Louisville,0.6506545011
Kansas_LSU,0.5556598462
Kansas_Marquette,0.6411544995
Kansas_Maryland,0.6361197018
Kansas_Michigan,0.3840144289
Kansas_Michigan St,0.3665306229
Kansas_Minnesota,0.6940696805
Kansas_Mississippi,0.7604967023
Kansas_Mississippi ST,0.6275060892
Kansas_Montana,0.9186474095
Kansas_Murray St,0.8712303427
Kansas_N Dakota St,0.9670098227
Kansas_N Kentucky,0.8940039899
Kansas_NC Central,0.9902854129
Kansas_Nevada,0.6404762906
Kansas_New Mexico St,0.7799415207
Kansas_North Carolina,0.3922137224
Kansas_Northeastern,0.8965845667
Kansas_Ohio St,0.7256844129
Kansas_Oklahoma,0.7130128358
Kansas_Old Dominion,0.871557313
Kansas_Oregon,0.7402581597
Kansas_Prairie View,0.9737119093
Kansas_Purdue,0.525188174
Kansas_Seton Hall,0.7696339068
Kansas_St John's,0.8149552988
Kansas_ St. Louis,0.8847462148
Kansas_ St. Mary's CA,0.7959125815
Kansas_Syracuse,0.709824726
Kansas_Temple,0.8278138421
Kansas_Tennessee,0.3770372609
Kansas_Texas Tech,0.5028832821
Kansas_UC Irvine,0.815149892
Kansas_UCF,0.7843737203
Kansas_Utah St,0.7485218584
Kansas_VA CommonWealth,0.772777064
Kansas_Vermont,0.881220619
Kansas_Villanova,0.627865623
Kansas_Virginia,0.3127617449
Kansas_Virginia Tech,0.5797235896
Kansas_Washington,0.6510430336
Kansas_Wisconsin,0.5494801749
Kansas_Wofford,0.7348294464
Kansas_Yale,0.925938367
Kansas St_Kentucky,0.3599320909
Kansas St_Liberty,0.8420689081
Kansas St_Louisville,0.5737706324
Kansas St_LSU,0.4747466701
Kansas St_Marquette,0.5635822207
Kansas St_Maryland,0.5582089967
Kansas St_Michigan,0.3106229225
Kansas St_Michigan St,0.2948809645
Kansas St_Minnesota,0.6211776419
Kansas St_Mississippi,0.6965112298
Kansas St_Mississippi ST,0.5490585069
Kansas St_Montana,0.8908491679
Kansas St_Murray St,0.8302240407
Kansas St_N Dakota St,0.9549262257
Kansas St_N Kentucky,0.8590768291
Kansas St_NC Central,0.9866091105
Kansas St_Nevada,0.5628573613
Kansas St_New Mexico St,0.7192330227
Kansas St_North Carolina,0.318064327
Kansas St_Northeastern,0.862376841
Kansas St_Ohio St,0.6565981211
Kansas St_Oklahoma,0.6423082278
Kansas St_Old Dominion,0.8306348925
Kansas St_Oregon,0.6731893062
Kansas St_Prairie View,0.9639917336
Kansas St_Purdue,0.4442756421
Kansas St_Seton Hall,0.7071495125
Kansas St_St John's,0.7609455688
Kansas St_ St. Louis,0.8472895744
Kansas St_ St. Mary's CA,0.7381307515
Kansas St_Syracuse,0.6387326376
Kansas St_Temple,0.7765280415
Kansas St_Tennessee,0.3043204303
Kansas St_Texas Tech,0.4223504315
Kansas St_UC Irvine,0.7611803145
Kansas St_UCF,0.7244559767
Kansas St_Utah St,0.6826721039
Kansas St_VA CommonWealth,0.7108248896
Kansas St_Vermont,0.8428217399
Kansas St_Villanova,0.5494393918
Kansas St_Virginia,0.2475159796
Kansas St_Virginia Tech,0.4992433814
Kansas St_Washington,0.5741887134
Kansas St_Wisconsin,0.4685180346
Kansas St_Wofford,0.666989421
Kansas St_Yale,0.9003612357
Kentucky_Liberty,0.9042270851
Kentucky_Louisville,0.7044646446
Kentucky_LSU,0.6154543404
Kentucky_Marquette,0.6957436796
Kentucky_Maryland,0.6911057962
Kentucky_Michigan,0.4437858826
Kentucky_Michigan St,0.4254603634
Kentucky_Minnesota,0.7438254381
Kentucky_Mississippi,0.80252276
Kentucky_Mississippi ST,0.6831454531
Kentucky_Montana,0.9352840141
Kentucky_Murray St,0.8964709355
Kentucky_N Dakota St,0.9740358427
Kentucky_N Kentucky,0.9152150547
Kentucky_NC Central,0.9923933517
Kentucky_Nevada,0.6951195826
Kentucky_New Mexico St,0.8193659882
Kentucky_North Carolina,0.452324253
Kentucky_Northeastern,0.9173269818
Kentucky_Ohio St,0.7719875684
Kentucky_Oklahoma,0.7607497202
Kentucky_Old Dominion,0.8967414112
Kentucky_Oregon,0.7848307333
Kentucky_Prairie View,0.9793410591
Kentucky_Purdue,0.58602827
Kentucky_Seton Hall,0.81045625
Kentucky_St John's,0.849318782
Kentucky_ St. Louis,0.9076184338
Kentucky_ St. Mary's CA,0.8330880933
Kentucky_Syracuse,0.757911861
Kentucky_Temple,0.8601990733
Kentucky_Tennessee,0.436492266
Kentucky_Texas Tech,0.5642098767
Kentucky_UC Irvine,0.8494839126
Kentucky_UCF,0.8231841533
Kentucky_Utah St,0.7920746665
Kentucky_VA CommonWealth,0.8131776239
Kentucky_Vermont,0.9047171461
Kentucky_Villanova,0.683478372
Kentucky_Virginia,0.3680696383
Kentucky_Virginia Tech,0.6383872288
Kentucky_Washington,0.7048204811
Kentucky_Wisconsin,0.6095218778
Kentucky_Wofford,0.7800568157
Kentucky_Yale,0.9411794389
Liberty_Louisville,0.2008946303
Liberty_LSU,0.1444187851
Liberty_Marquette,0.1943089201
Liberty_Maryland,0.1909162078
Liberty_Michigan,0.0776170716
Liberty_Michigan St,0.0724426617
Liberty_Minnesota,0.2344387881
Liberty_Mississippi,0.300015288
Liberty_Mississippi ST,0.1852617861
Liberty_Montana,0.6038373594
Liberty_Murray St,0.4773284424
Liberty_N Dakota St,0.7982462343
Liberty_N Kentucky,0.5323744272
Liberty_NC Central,0.9322473729
Liberty_Nevada,0.1938480453
Liberty_New Mexico St,0.3235939584
Liberty_North Carolina,0.0801252818
Liberty_Northeastern,0.5392214443
Liberty_Ohio St,0.2631241123
Liberty_Oklahoma,0.2511350686
Liberty_Old Dominion,0.4780564013
Liberty_Oregon,0.2778164119
Liberty_Prairie View,0.8333238753
Liberty_Purdue,0.1299058355
Liberty_Seton Hall,0.3107994512
Liberty_St John's,0.3728302977
Liberty_ St. Louis,0.5088827315
Liberty_ St. Mary's CA,0.3448649023
Liberty_Syracuse,0.2482258909
Liberty_Temple,0.3935491897
Liberty_Tennessee,0.0755242976
Liberty_Texas Tech,0.1201409175
Liberty_UC Irvine,0.3731321964
Liberty_UCF,0.3293136871
Liberty_Utah St,0.2866141977
Liberty_VA CommonWealth,0.314628019
Liberty_Vermont,0.5003526328
Liberty_Villanova,0.1854941143
Liberty_Virginia,0.0578740983
Liberty_Virginia Tech,0.1569643092
Liberty_Washington,0.2011692478
Liberty_Wisconsin,0.1413576786
Liberty_Wofford,0.2722247152
Liberty_Yale,0.6279145126
Louisville_LSU,0.4006847554
Louisville_Marquette,0.4885519538
Louisville_Maryland,0.4831022083
Louisville_Michigan,0.2499794066
Louisville_Michigan St,0.2362575147
Louisville_Minnesota,0.5481097715
Louisville_Mississippi,0.6293025424
Louisville_Mississippi ST,0.4738623413
Louisville_Montana,0.8578968897
Louisville_Murray St,0.7834189016
Louisville_N Dakota St,0.940016059
Louisville_N Kentucky,0.8184869758
Louisville_NC Central,0.9819817202
Louisville_Nevada,0.4878157293
Louisville_New Mexico St,0.6545605921
Louisville_North Carolina,0.2565085798
Louisville_Northeastern,0.8225411409
Louisville_Ohio St,0.5858067477
Louisville_Oklahoma,0.5704979891
Louisville_Old Dominion,0.7839135397
Louisville_Oregon,0.6037541109
Louisville_Prairie View,0.9519294296
Louisville_Purdue,0.3716042602
Louisville_Seton Hall,0.641082706
Louisville_St John's,0.7018989927
Louisville_ St. Louis,0.8040789368
Louisville_ St. Mary's CA,0.6758494384
Louisville_Syracuse,0.5666888263
Louisville_Temple,0.7199136619
Louisville_Tennessee,0.2444710134
Louisville_Texas Tech,0.3510002366
Louisville_UC Irvine,0.7021690268
Louisville_UCF,0.6604185918
Louisville_Utah St,0.614096708
Louisville_VA CommonWealth,0.6451711936
Louisville_Vermont,0.7986473236
Louisville_Villanova,0.474245922
Louisville_Virginia,0.1956955005
Louisville_Virginia Tech,0.4244480424
Louisville_Washington,0.4993621063
Louisville_Wisconsin,0.3946976398
Louisville_Wofford,0.5970254896
Louisville_Yale,0.8698611154
LSU_Marquette,0.5872361141
LSU_Maryland,0.5819380873
LSU_Michigan,0.3317300482
LSU_Michigan St,0.3154078157
LSU_Minnesota,0.6436834918
LSU_Mississippi,0.7165835181
LSU_Mississippi ST,0.572903037
LSU_Montana,0.8999151753
LSU_Murray St,0.8434405917
LSU_N Dakota St,0.9589154798
LSU_N Kentucky,0.8703979046
LSU_NC Central,0.9878300076
LSU_Nevada,0.5865217185
LSU_New Mexico St,0.7383670224
LSU_North Carolina,0.3394281363
LSU_Northeastern,0.8734718557
LSU_Ohio St,0.6780901568
LSU_Oklahoma,0.6642372685
LSU_Old Dominion,0.8438254764
LSU_Oregon,0.6941266916
LSU_Prairie View,0.9672061988
LSU_Purdue,0.4682952918
LSU_Seton Hall,0.7267941872
LSU_St John's,0.778113873
LSU_ St. Louis,0.8594026045
LSU_ St. Mary's CA,0.7564130571
LSU_Syracuse,0.6607651121
LSU_Temple,0.7928818518
LSU_Tennessee,0.3252013197
LSU_Texas Tech,0.4461363258
LSU_UC Irvine,0.7783366709
LSU_UCF,0.7433610444
LSU_Utah St,0.7032697521
LSU_VA CommonWealth,0.7303170416
LSU_Vermont,0.8552286073
LSU_Villanova,0.5732794344
LSU_Virginia,0.2659894796
LSU_Virginia Tech,0.5234356993
LSU_Washington,0.5976781158
LSU_Wisconsin,0.4926863574
LSU_Wofford,0.6881400009
LSU_Yale,0.9087181312
Marquette_Maryland,0.4934808548
Marquette_Michigan,0.2578481044
Marquette_Michigan St,0.2438347051
Marquette_Minnesota,0.5583763493
Marquette_Mississippi,0.6389396157
Marquette_Mississippi ST,0.4842284419
Marquette_Montana,0.8628859958
Marquette_Murray St,0.7903839542
Marquette_N Dakota St,0.942315897
Marquette_N Kentucky,0.8245767984
Marquette_NC Central,0.9827021654
Marquette_Nevada,0.4981980391
Marquette_New Mexico St,0.6638917359
Marquette_North Carolina,0.2645103175
Marquette_Northeastern,0.8285234414
Marquette_Ohio St,0.5958483848
Marquette_Oklahoma,0.5806450833
Marquette_Old Dominion,0.7908669316
Marquette_Oregon,0.6136476015
Marquette_Prairie View,0.9537949501
Marquette_Purdue,0.3813547891
Marquette_Seton Hall,0.6505835725
Marquette_St John's,0.7105169356
Marquette_ St. Louis,0.8105402598
Marquette_ St. Mary's CA,0.6848823653
Marquette_Syracuse,0.5768591652
Marquette_Temple,0.728212471
Marquette_Tennessee,0.2522246307
Marquette_Texas Tech,0.3605203035
Marquette_UC Irvine,0.7107823798
Marquette_UCF,0.6696713532
Marquette_Utah St,0.6238928307
Marquette_VA CommonWealth,0.6546221399
Marquette_Vermont,0.8052443899
Marquette_Villanova,0.4846126848
Marquette_Virginia,0.2023164051
Marquette_Virginia Tech,0.4346261281
Marquette_Washington,0.5097455862
Marquette_Wisconsin,0.4046639081
Marquette_Wofford,0.6069776184
Marquette_Yale,0.8744916216
Maryland_Michigan,0.2620450128
Maryland_Michigan St,0.2478797049
Maryland_Minnesota,0.5637491286
Maryland_Mississippi,0.6439572344
Maryland_Mississippi ST,0.4896788564
Maryland_Montana,0.865446839
Maryland_Murray St,0.7939755915
Maryland_N Dakota St,0.9434904008
Maryland_N Kentucky,0.8277102729
Maryland_NC Central,0.9830691405
Maryland_Nevada,0.5036521484
Maryland_New Mexico St,0.6687423734
Maryland_North Carolina,0.2687763927
Maryland_Northeastern,0.8316008166
Maryland_Ohio St,0.6010909677
Maryland_Oklahoma,0.5859478373
Maryland_Old Dominion,0.7944524455
Maryland_Oregon,0.6188070066
Maryland_Prairie View,0.9547469536
Maryland_Purdue,0.3865150162
Maryland_Seton Hall,0.6555266161
Maryland_St John's,0.714983566
Maryland_ St. Louis,0.8138678638
Maryland_ St. Mary's CA,0.6895717185
Maryland_Syracuse,0.5821753435
Maryland_Temple,0.732508856
Maryland_Tennessee,0.2563616254
Maryland_Texas Tech,0.3655652016
Maryland_UC Irvine,0.7152465559
Maryland_UCF,0.6744794784
Maryland_Utah St,0.6289981365
Maryland_VA CommonWealth,0.6595379497
Maryland_Vermont,0.8086430492
Maryland_Villanova,0.4900633149
Maryland_Virginia,0.2058601607
Maryland_Virginia Tech,0.4399945147
Maryland_Washington,0.5151963211
Maryland_Wisconsin,0.4099305438
Maryland_Wofford,0.6121698013
Maryland_Yale,0.8768666405
Michigan_Michigan St,0.4802983299
Michigan_Minnesota,0.7837232427
Michigan_Mississippi,0.8353029396
Michigan_Mississippi ST,0.7290513337
Michigan_Montana,0.9474690517
Michigan_Murray St,0.915302093
Michigan_N Dakota St,0.9790876418
Michigan_N Kentucky,0.9308995972
Michigan_NC Central,0.9938957477
Michigan_Nevada,0.7399510321
Michigan_New Mexico St,0.8498733031
Michigan_North Carolina,0.5075658426
Michigan_Northeastern,0.9326495853
Michigan_Ohio St,0.8086277341
Michigan_Oklahoma,0.79872491
Michigan_Old Dominion,0.915528007
Michigan_Oregon,0.8198885893
Michigan_Prairie View,0.9833782466
Michigan_Purdue,0.6385601267
Michigan_Seton Hall,0.8421784928
Michigan_St John's,0.8755358005
Michigan_ St. Louis,0.9245925026
Michigan_ St. Mary's CA,0.8616691399
Michigan_Syracuse,0.7962168318
Michigan_Temple,0.8847798466
Michigan_Tennessee,0.4915356566
Michigan_Texas Tech,0.6177042687
Michigan_UC Irvine,0.8756764057
Michigan_UCF,0.8531621805
Michigan_Utah St,0.8262136054
Michigan_VA CommonWealth,0.8445317831
Michigan_Vermont,0.9221785862
Michigan_Villanova,0.7293551281
Michigan_Virginia,0.4209298943
Michigan_Virginia Tech,0.6878143433
Michigan_Washington,0.7487410691
Michigan_Wisconsin,0.6607980669
Michigan_Wofford,0.815709849
Michigan_Yale,0.952311056
Michigan St_Minnesota,0.7960980725
Michigan St_Mississippi,0.845309024
Michigan St_Mississippi ST,0.743530672
Michigan St_Montana,0.9510598076
Michigan St_Murray St,0.9209080759
Michigan St_N Dakota St,0.9805614489
Michigan St_N Kentucky,0.9355459106
Michigan St_NC Central,0.9943319889
Michigan St_Nevada,0.7540444024
Michigan St_New Mexico St,0.8591434458
Michigan St_North Carolina,0.5261889747
Michigan St_Northeastern,0.9371861693
Michigan St_Ohio St,0.8199050401
Michigan St_Oklahoma,0.8104489832
Michigan St_Old Dominion,0.9211203257
Michigan St_Oregon,0.8306412899
Michigan St_Prairie View,0.9845544417
Michigan St_Purdue,0.6555907962
Michigan St_Seton Hall,0.8518409484
Michigan St_St John's,0.883438649
Michigan St_ St. Louis,0.9296308472
Michigan St_ St. Mary's CA,0.8703220436
Michigan St_Syracuse,0.8080518893
Michigan St_Temple,0.8921680343
Michigan St_Tennessee,0.5101799844
Michigan St_Texas Tech,0.6351561713
Michigan St_UC Irvine,0.8835715137
Michigan St_UCF,0.8622621527
Michigan St_Utah St,0.8366639264
Michigan St_VA CommonWealth,0.8540751254
Michigan St_Vermont,0.9273655461
Michigan St_Villanova,0.7438239364
Michigan St_Virginia,0.4392094498
Michigan St_Virginia Tech,0.7036014477
Michigan St_Washington,0.762510957
Michigan St_Wisconsin,0.6773104168
Michigan St_Wofford,0.8266592782
Michigan St_Yale,0.9555863512
Minnesota_Mississippi,0.5822284785
Minnesota_Mississippi ST,0.4250824121
Minnesota_Montana,0.8321068896
Minnesota_Murray St,0.7480812284
Minnesota_N Dakota St,0.927876751
Minnesota_N Kentucky,0.7873177182
Minnesota_NC Central,0.9781377326
Minnesota_Nevada,0.4387973575
Minnesota_New Mexico St,0.608699591
Minnesota_North Carolina,0.2207170341
Minnesota_Northeastern,0.7918910504
Minnesota_Ohio St,0.5372706581
Minnesota_Oklahoma,0.5216328874
Minnesota_Old Dominion,0.7486306769
Minnesota_Oregon,0.5557261403
Minnesota_Prairie View,0.9420524761
Minnesota_Purdue,0.3268122821
Minnesota_Seton Hall,0.5945407479
Minnesota_St John's,0.6590490891
Minnesota_ St. Louis,0.7711273832
Minnesota_ St. Mary's CA,0.6312224235
Minnesota_Syracuse,0.5177566827
Minnesota_Temple,0.6784670236
Minnesota_Tennessee,0.2098849543
Minnesota_Texas Tech,0.3074765935
Minnesota_UC Irvine,0.6593390999
Minnesota_UCF,0.6148777237
Minnesota_Utah St,0.5664220815
Minnesota_VA CommonWealth,0.5988276383
Minnesota_Vermont,0.7650491711
Minnesota_Villanova,0.4254584369
Minnesota_Virginia,0.1664892768
Minnesota_Virginia Tech,0.3771089414
Minnesota_Washington,0.4502033301
Minnesota_Wisconsin,0.3486665466
Minnesota_Wofford,0.5487914583
Minnesota_Yale,0.8458523257
Mississippi_Mississippi ST,0.3456686458
Mississippi_Montana,0.7797901319
Mississippi_Murray St,0.6796612045
Mississippi_N Dakota St,0.9018837714
Mississippi_N Kentucky,0.7256459634
Mississippi_NC Central,0.9696664768
Mississippi_Nevada,0.3584187256
Mississippi_New Mexico St,0.526390377
Mississippi_North Carolina,0.1683057917
Mississippi_Northeastern,0.7310924907
Mississippi_Ohio St,0.4534279109
Mississippi_Oklahoma,0.4379209735
Mississippi_Old Dominion,0.680296106
Mississippi_Oregon,0.4719407249
Mississippi_Prairie View,0.9207319312
Mississippi_Purdue,0.257533515
Mississippi_Seton Hall,0.5116427158
Mississippi_St John's,0.5800235139
Mississippi_ St. Louis,0.7065109552
Mississippi_ St. Mary's CA,0.5501495642
Mississippi_Syracuse,0.4341023295
Mississippi_Temple,0.6012188343
Mississippi_Tennessee,0.1595193619
Mississippi_Texas Tech,0.2408303249
Mississippi_UC Irvine,0.5803379406
Mississippi_UCF,0.5328707586
Mississippi_Utah St,0.4827764205
Mississippi_VA CommonWealth,0.5160927025
Mississippi_Vermont,0.6993856857
Mississippi_Villanova,0.3460167013
Mississippi_Virginia,0.1248912009
Mississippi_Virginia Tech,0.301950459
Mississippi_Washington,0.3691095419
Mississippi_Wisconsin,0.2766589495
Mississippi_Wofford,0.4649573678
Mississippi_Yale,0.7967726583
Mississippi ST_Montana,0.8697007762
Mississippi ST_Murray St,0.7999668488
Mississippi ST_N Dakota St,0.9454325388
Mississippi ST_N Kentucky,0.8329269458
Mississippi ST_NC Central,0.9836745619
Mississippi ST_Nevada,0.5129066229
Mississippi ST_New Mexico St,0.6768934222
Mississippi ST_North Carolina,0.2761159351
Mississippi ST_Northeastern,0.8367229273
Mississippi ST_Ohio St,0.6099357112
Mississippi ST_Oklahoma,0.594902059
Mississippi ST_Old Dominion,0.8004333213
Mississippi ST_Oregon,0.627502367
Mississippi ST_Prairie View,0.9563201336
Mississippi ST_Purdue,0.395331443
Mississippi ST_Seton Hall,0.6638393906
Mississippi ST_St John's,0.7224689903
Mississippi ST_ St. Louis,0.8194122198
Mississippi ST_ St. Mary's CA,0.6974421177
Mississippi ST_Syracuse,0.5911542235
Mississippi ST_Temple,0.7397015778
Mississippi ST_Tennessee,0.2634843125
Mississippi ST_Texas Tech,0.3741952367
Mississippi ST_UC Irvine,0.7227277518
Mississippi ST_UCF,0.6825563691
Mississippi ST_Utah St,0.6375971728
Mississippi ST_VA CommonWealth,0.6678029785
Mississippi ST_Vermont,0.8143075286
Mississippi ST_Villanova,0.4993192842
Mississippi ST_Virginia,0.2119796977
Mississippi ST_Virginia Tech,0.449137734
Mississippi ST_Washington,0.5244387905
Mississippi ST_Wisconsin,0.418916365
Mississippi ST_Wofford,0.6209238155
Mississippi ST_Yale,0.8808092604
Montana_Murray St,0.3736733918
Montana_N Dakota St,0.721040311
Montana_N Kentucky,0.4265203801
Montana_NC Central,0.8998891558
Montana_Nevada,0.1357626786
Montana_New Mexico St,0.2381143573
Montana_North Carolina,0.0538403854
Montana_Northeastern,0.4332673687
Montana_Ohio St,0.189151181
Montana_Oklahoma,0.1797106476
Montana_Old Dominion,0.3743564931
Montana_Oregon,0.2008387712
Montana_Prairie View,0.7655995782
Montana_Purdue,0.088868217
Montana_Seton Hall,0.22756256
Montana_St John's,0.2797231687
Montana_ St. Louis,0.4036675382
Montana_ St. Mary's CA,0.255892115
Montana_Syracuse,0.1774328207
Montana_Temple,0.2977241395
Montana_Tennessee,0.0506656097
Montana_Texas Tech,0.0818977102
Montana_UC Irvine,0.2799833314
Montana_UCF,0.2428656754
Montana_Utah St,0.2079006174
Montana_VA CommonWealth,0.2307090127
Montana_Vermont,0.3954808811
Montana_Villanova,0.129509807
Montana_Virginia,0.0385824845
Montana_Virginia Tech,0.108444204
Montana_Washington,0.1412745736
Montana_Wisconsin,0.0971061378
Montana_Wofford,0.1963751294
Montana_Yale,0.5243654392
Murray St_N Dakota St,0.8118164221
Murray St_N Kentucky,0.5538321069
Murray St_NC Central,0.937510071
Murray St_Nevada,0.2077221887
Murray St_New Mexico St,0.3428054728
Murray St_North Carolina,0.0867357661
Murray St_Northeastern,0.5606242401
Murray St_Ohio St,0.2802329255
Murray St_Oklahoma,0.2677475854
Murray St_Old Dominion,0.4996640784
Murray St_Oregon,0.2954974487
Murray St_Prairie View,0.8449928529
Murray St_Purdue,0.139998254
Murray St_Seton Hall,0.3296215289
Murray St_St John's,0.3932654183
Murray St_ St. Louis,0.5304676538
Murray St_ St. Mary's CA,0.3646584444
Murray St_Syracuse,0.2647139919
Murray St_Temple,0.4143696282
Murray St_Tennessee,0.0817889427
Murray St_Texas Tech,0.1295876851
Murray St_UC Irvine,0.3935734803
Murray St_UCF,0.3486897248
Murray St_Utah St,0.3046189767
Murray St_VA CommonWealth,0.3335697369
Murray St_Vermont,0.5219602777
Murray St_Villanova,0.1989178821
Murray St_Virginia,0.062774095
Murray St_Virginia Tech,0.1687511984
Murray St_Washington,0.2154273594
Murray St_Wisconsin,0.1521841811
Murray St_Wofford,0.2896926326
Murray St_Yale,0.6478877696
N Dakota St_N Kentucky,0.2227085626
N Dakota St_NC Central,0.7759301192
N Dakota St_Nevada,0.0570638289
N Dakota St_New Mexico St,0.1074617398
N Dakota St_North Carolina,0.0214514843
N Dakota St_Northeastern,0.2275105547
N Dakota St_Ohio St,0.0824568776
N Dakota St_Oklahoma,0.0778303184
N Dakota St_Old Dominion,0.1873287927
N Dakota St_Oregon,0.0882695369
N Dakota St_Prairie View,0.5571835438
N Dakota St_Purdue,0.0362140498
N Dakota St_Seton Hall,0.1019251295
N Dakota St_St John's,0.1301396832
N Dakota St_ St. Louis,0.2068373114
N Dakota St_ St. Mary's CA,0.1169826527
N Dakota St_Syracuse,0.0767230413
N Dakota St_Temple,0.1403907852
N Dakota St_Tennessee,0.0201459015
N Dakota St_Texas Tech,0.0332229545
N Dakota St_UC Irvine,0.1302858876
N Dakota St_UCF,0.1099823637
N Dakota St_Utah St,0.0918280613
N Dakota St_VA CommonWealth,0.1035673395
N Dakota St_Vermont,0.2012950372
N Dakota St_Villanova,0.0542082666
N Dakota St_Virginia,0.0152246239
N Dakota St_Virginia Tech,0.0447611295
N Dakota St_Washington,0.059600939
N Dakota St_Wisconsin,0.03978415
N Dakota St_Wofford,0.0860383949
N Dakota St_Yale,0.2981024834
N Kentucky_NC Central,0.9232817272
N Kentucky_Nevada,0.1737703533
N Kentucky_New Mexico St,0.2949954137
N Kentucky_North Carolina,0.0707920061
N Kentucky_Northeastern,0.5058168109
N Kentucky_Ohio St,0.2379894402
N Kentucky_Oklahoma,0.2267931595
N Kentucky_Old Dominion,0.444783303
N Kentucky_Oregon,0.2517577748
N Kentucky_Prairie View,0.8138812184
N Kentucky_Purdue,0.1155020354
N Kentucky_Seton Hall,0.2828588014
N Kentucky_St John's,0.3420809991
N Kentucky_ St. Louis,0.4754183835
N Kentucky_ St. Mary's CA,0.315262661
N Kentucky_Syracuse,0.224081585
N Kentucky_Temple,0.3620776167
N Kentucky_Tennessee,0.0666881069
N Kentucky_Texas Tech,0.106687081
N Kentucky_UC Irvine,0.3423715911
N Kentucky_UCF,0.3004341679
N Kentucky_Utah St,0.2600274702
N Kentucky_VA CommonWealth,0.2864862543
N Kentucky_Vermont,0.4669159271
N Kentucky_Villanova,0.1661033947
N Kentucky_Virginia,0.0509890491
N Kentucky_Virginia Tech,0.1400431878
N Kentucky_Washington,0.1805030529
N Kentucky_Wisconsin,0.1258677966
N Kentucky_Wofford,0.2465115378
N Kentucky_Yale,0.5961237916
NC Central_Nevada,0.0171039494
NC Central_New Mexico St,0.0334623176
NC Central_North Carolina,0.0062640639
NC Central_Northeastern,0.0780754632
NC Central_Ohio St,0.0251901363
NC Central_Oklahoma,0.0236937732
NC Central_Old Dominion,0.0621623636
NC Central_Oregon,0.027085039
NC Central_Prairie View,0.2656850422
NC Central_Purdue,0.01068906
NC Central_Seton Hall,0.0316032856
NC Central_St John's,0.0412456156
NC Central_ St. Louis,0.0697548221
NC Central_ St. Mary's CA,0.0366965752
NC Central_Syracuse,0.0233371953
NC Central_Temple,0.0448556103
NC Central_Tennessee,0.005877268
NC Central_Texas Tech,0.0097847946
NC Central_UC Irvine,0.0412966939
NC Central_UCF,0.0343139409
NC Central_Utah St,0.0282533905
NC Central_VA CommonWealth,0.0321530399
NC Central_Vermont,0.0675727861
NC Central_Villanova,0.0162136575
NC Central_Virginia,0.0044258146
NC Central_Virginia Tech,0.0132949468
NC Central_Washington,0.0178981298
NC Central_Wisconsin,0.0117735622
NC Central_Wofford,0.0263557188
NC Central_Yale,0.1088331305
Nevada_New Mexico St,0.6645489085
Nevada_North Carolina,0.2650839495
Nevada_Northeastern,0.8289416587
Nevada_Ohio St,0.5965577503
Nevada_Oklahoma,0.5813623851
Nevada_Old Dominion,0.7913538618
Nevada_Oregon,0.6143459463
Nevada_Prairie View,0.9539246313
Nevada_Purdue,0.3820501902
Nevada_Seton Hall,0.6512530969
Nevada_St John's,0.7111226124
Nevada_ St. Louis,0.8109923312
Nevada_ St. Mary's CA,0.6855179374
Nevada_Syracuse,0.5775782316
Nevada_Temple,0.728795256
Nevada_Tennessee,0.2527807763
Nevada_Texas Tech,0.3611998946
Nevada_UC Irvine,0.7113877269
Nevada_UCF,0.6703228369
Nevada_Utah St,0.6245839862
Nevada_VA CommonWealth,0.6552880261
Nevada_Vermont,0.8057060687
Nevada_Villanova,0.4853486561
Nevada_Virginia,0.2027923488
Nevada_Virginia Tech,0.4353503103
Nevada_Washington,0.5104819208
Nevada_Wisconsin,0.405373962
Nevada_Wofford,0.6076803116
Nevada_Yale,0.8748146659
New Mexico St_North Carolina,0.1534748309
New Mexico St_Northeastern,0.7089420628
New Mexico St_Ohio St,0.426351934
New Mexico St_Oklahoma,0.4110745512
New Mexico St_Old Dominion,0.6559306633
New Mexico St_Oregon,0.4446586222
New Mexico St_Prairie View,0.9123292416
New Mexico St_Purdue,0.2370812024
New Mexico St_Seton Hall,0.4841698563
New Mexico St_St John's,0.5530369512
New Mexico St_ St. Louis,0.6832130696
New Mexico St_ St. Mary's CA,0.5228226265
New Mexico St_Syracuse,0.4073203623
New Mexico St_Temple,0.5745953324
New Mexico St_Tennessee,0.1453273634
New Mexico St_Texas Tech,0.2213091204
New Mexico St_UC Irvine,0.5533560239
New Mexico St_UCF,0.5054377658
New Mexico St_Utah St,0.4554081377
New Mexico St_VA CommonWealth,0.4886199716
New Mexico St_Vermont,0.6757817426
New Mexico St_Villanova,0.3215809645
New Mexico St_Virginia,0.1133644385
New Mexico St_Virginia Tech,0.2792976543
New Mexico St_Washington,0.3439005609
New Mexico St_Wisconsin,0.2552098532
New Mexico St_Wofford,0.4377443099
New Mexico St_Yale,0.7783925009
North Carolina_Northeastern,0.9304481271
North Carolina_Ohio St,0.8032277102
North Carolina_Oklahoma,0.7931169455
North Carolina_Old Dominion,0.9128192159
North Carolina_Oregon,0.8147335164
North Carolina_Prairie View,0.9828043655
North Carolina_Purdue,0.6305537472
North Carolina_Seton Hall,0.8375349748
North Carolina_St John's,0.8717242509
North Carolina_ St. Louis,0.9221496687
North Carolina_ St. Mary's CA,0.857502056
North Carolina_Syracuse,0.790557311
North Carolina_Temple,0.8812129762
North Carolina_Tennessee,0.4829097554
North Carolina_Texas Tech,0.6095184094
North Carolina_UC Irvine,0.8718685318
North Carolina_UCF,0.848783805
North Carolina_Utah St,0.8212000854
North Carolina_VA CommonWealth,0.839944346
North Carolina_Vermont,0.9196643478
North Carolina_Villanova,0.7224859119
North Carolina_Virginia,0.412537752
North Carolina_Virginia Tech,0.6803528603
North Carolina_Washington,0.7421899637
North Carolina_Wisconsin,0.6530166165
North Carolina_Wofford,0.8104628229
North Carolina_Yale,0.9507183062
Northeastern_Ohio St,0.2330329942
Northeastern_Oklahoma,0.2220019577
Northeastern_Old Dominion,0.4379955783
Northeastern_Oregon,0.2466073831
Northeastern_Prairie View,0.8096749895
Northeastern_Purdue,0.112719205
Northeastern_Seton Hall,0.2773079579
Northeastern_St John's,0.3359123458
Northeastern_ St. Louis,0.4685576886
Northeastern_ St. Mary's CA,0.3093502254
Northeastern_Syracuse,0.219331418
Northeastern_Temple,0.3557433462
Northeastern_Tennessee,0.0649949455
Northeastern_Texas Tech,0.1040916384
Northeastern_UC Irvine,0.3362003753
Northeastern_UCF,0.294680147
Northeastern_Utah St,0.2547655024
Northeastern_VA CommonWealth,0.2808921076
Northeastern_Vermont,0.4600703211
Northeastern_Villanova,0.1623251508
Northeastern_Virginia,0.0496732613
Northeastern_Virginia Tech,0.1367605021
Northeastern_Washington,0.1764665824
Northeastern_Wisconsin,0.1228699138
Northeastern_Wofford,0.2414338415
Northeastern_Yale,0.5894785882
Ohio St_Oklahoma,0.483247422
Ohio St_Old Dominion,0.7186351376
Ohio St_Oregon,0.5175461516
Ohio St_Prairie View,0.9330743216
Ohio St_Purdue,0.2939535471
Ohio St_Seton Hall,0.5570376038
Ohio St_St John's,0.6237365459
Ohio St_ St. Louis,0.7428943937
Ohio St_ St. Mary's CA,0.5947997964
Ohio St_Syracuse,0.4793706189
Ohio St_Temple,0.6440794966
Ohio St_Tennessee,0.1855422362
Ohio St_Texas Tech,0.2757655575
Ohio St_UC Irvine,0.6240394587
Ohio St_UCF,0.5779202319
Ohio St_Utah St,0.5283812088
Ohio St_VA CommonWealth,0.5614285149
Ohio St_Vermont,0.7363227737
Ohio St_Villanova,0.3884039316
Ohio St_Virginia,0.1462480339
Ohio St_Virginia Tech,0.3417605262
Ohio St_Washington,0.4125411599
Ohio St_Wisconsin,0.3146374974
Ohio St_Wofford,0.5105404064
Ohio St_Yale,0.8247421846
Oklahoma_Old Dominion,0.7311520721
Oklahoma_Oregon,0.533197965
Oklahoma_Prairie View,0.9368893828
Oklahoma_Purdue,0.3071483169
Oklahoma_Seton Hall,0.5724665906
Oklahoma_St John's,0.6383506345
Oklahoma_ St. Louis,0.7547004971
Oklahoma_ St. Mary's CA,0.6098347547
Oklahoma_Syracuse,0.4950525811
Oklahoma_Temple,0.6583362681
Oklahoma_Tennessee,0.1952162086
Oklahoma_Texas Tech,0.2884774879
Oklahoma_UC Irvine,0.638648598
Oklahoma_UCF,0.5931531022
Oklahoma_Utah St,0.5439912267
Oklahoma_VA CommonWealth,0.5768207493
Oklahoma_Vermont,0.7483284121
Oklahoma_Villanova,0.4034159164
Oklahoma_Virginia,0.154261291
Oklahoma_Virginia Tech,0.3560191525
Oklahoma_Washington,0.427833452
Oklahoma_Wisconsin,0.328328963
Oklahoma_Wofford,0.526211436
Oklahoma_Yale,0.8336315744
Old Dominion_Oregon,0.29489042
Old Dominion_Prairie View,0.8446103154
Old Dominion_Purdue,0.1396473422
Old Dominion_Seton Hall,0.3289771345
Old Dominion_St John's,0.3925694632
Old Dominion_ St. Louis,0.5297408871
Old Dominion_ St. Mary's CA,0.3639827442
Old Dominion_Syracuse,0.2641464902
Old Dominion_Temple,0.4136617884
Old Dominion_Tennessee,0.0815700963
Old Dominion_Texas Tech,0.1292589458
Old Dominion_UC Irvine,0.392877333
Old Dominion_UCF,0.3480274056
Old Dominion_Utah St,0.3040012957
Old Dominion_VA CommonWealth,0.3329214571
Old Dominion_Vermont,0.5212322277
Old Dominion_Villanova,0.1984533652
Old Dominion_Virginia,0.0626026586
Old Dominion_Virginia Tech,0.1683423237
Old Dominion_Washington,0.2149346333
Old Dominion_Wisconsin,0.1518081165
Old Dominion_Wofford,0.2890926353
Old Dominion_Yale,0.647221883
Oregon_Prairie View,0.9282709185
Oregon_Purdue,0.2787372228
Oregon_Seton Hall,0.5385913677
Oregon_St John's,0.606103776
Oregon_ St. Louis,0.728414295
Oregon_ St. Mary's CA,0.576731192
Oregon_Syracuse,0.4608206938
Oregon_Temple,0.6268296958
Oregon_Tennessee,0.1745503838
Oregon_Texas Tech,0.2611424982
Oregon_UC Irvine,0.6064119266
Oregon_UCF,0.559656171
Oregon_Utah St,0.5097918049
Oregon_VA CommonWealth,0.5430151217
Oregon_Vermont,0.7216112575
Oregon_Villanova,0.3708665844
Oregon_Virginia,0.1371919222
Oregon_Virginia Tech,0.3252093646
Oregon_Washington,0.3946171604
Oregon_Wisconsin,0.2988036052
Oregon_Wofford,0.4919239786
Oregon_Yale,0.8137158371
Prairie View_Purdue,0.0288765783
Prairie View_Seton Hall,0.0824121389
Prairie View_St John's,0.1058618873
Prairie View_ St. Louis,0.1710652356
Prairie View_ St. Mary's CA,0.0948915712
Prairie View_Syracuse,0.0617033544
Prairie View_Temple,0.1144522473
Prairie View_Tennessee,0.0160099798
Prairie View_Texas Tech,0.026474873
Prairie View_UC Irvine,0.1059841401
Prairie View_UCF,0.0890798626
Prairie View_Utah St,0.0740886282
Prairie View_VA CommonWealth,0.0837692824
Prairie View_Vermont,0.1662805386
Prairie View_Villanova,0.043389051
Prairie View_Virginia,0.0120865703
Prairie View_Virginia Tech,0.0357561481
Prairie View_Washington,0.0477597713
Prairie View_Wisconsin,0.0317471536
Prairie View_Wofford,0.0693320297
Prairie View_Yale,0.251552236
Purdue_Seton Hall,0.7504747357
Purdue_St John's,0.7985789679
Purdue_ St. Louis,0.8735882733
Purdue_ St. Mary's CA,0.7783094228
Purdue_Syracuse,0.687709691
Purdue_Temple,0.8123134052
Purdue_Tennessee,0.352688574
Purdue_Texas Tech,0.476625518
Purdue_UC Irvine,0.7987865305
Purdue_UCF,0.7660678241
Purdue_Utah St,0.7282268601
Purdue_VA CommonWealth,0.7537956792
Purdue_Vermont,0.8697715978
Purdue_Villanova,0.6029978091
Purdue_Virginia,0.2906274334
Purdue_Virginia Tech,0.5539243132
Purdue_Washington,0.6268034403
Purdue_Wisconsin,0.5233508078
Purdue_Wofford,0.7138518621
Purdue_Yale,0.9184005171
Seton Hall_St John's,0.5675910287
Seton Hall_ St. Louis,0.6958594526
Seton Hall_ St. Mary's CA,0.537537835
Seton Hall_Syracuse,0.4216573264
Seton Hall_Temple,0.5889691571
Seton Hall_Tennessee,0.1528204149
Seton Hall_Texas Tech,0.2316579151
Seton Hall_UC Irvine,0.5679078293
Seton Hall_UCF,0.5201970878
Seton Hall_Utah St,0.4700951849
Seton Hall_VA CommonWealth,0.5033880576
Seton Hall_Vermont,0.6885895695
Seton Hall_Villanova,0.3346038275
Seton Hall_Virginia,0.1194397946
Seton Hall_Virginia Tech,0.2913435439
Seton Hall_Washington,0.357351185
Seton Hall_Wisconsin,0.2666011587
Seton Hall_Wofford,0.4523348529
Seton Hall_Yale,0.7884159548
St John's_ St. Louis,0.634452721
St John's_ St. Mary's CA,0.4685774072
St John's_Syracuse,0.3561155038
St John's_Temple,0.520841648
St John's_Tennessee,0.1203690652
St John's_Texas Tech,0.1861438431
St John's_UC Irvine,0.4992573938
St John's_UCF,0.4512904008
St John's_Utah St,0.4022610564
St John's_VA CommonWealth,0.4346907178
St John's_Vermont,0.6265028648
St John's_Villanova,0.2761328041
St John's_Virginia,0.0932961951
St John's_Virginia Tech,0.2377312473
St John's_Washington,0.2966774602
St John's_Wisconsin,0.2161531354
St John's_Wofford,0.3852005615
St John's_Yale,0.7386787993
 St. Louis_ St. Mary's CA,0.3359300108
 St. Louis_Syracuse,0.2408741995
 St. Louis_Temple,0.3840924599
 St. Louis_Tennessee,0.0727922379
 St. Louis_Texas Tech,0.1159973833
 St. Louis_UC Irvine,0.3638717085
 St. Louis_UCF,0.3205845435
 St. Louis_Utah St,0.278546822
 St. Louis_VA CommonWealth,0.3061104794
 St. Louis_Vermont,0.4904048123
 St. Louis_Villanova,0.1795565928
 St. Louis_Virginia,0.055742029
 St. Louis_Virginia Tech,0.1517698414
 St. Louis_Washington,0.1948500082
 St. Louis_Wisconsin,0.136596002
 St. Louis_Wofford,0.2644122431
 St. Louis_Yale,0.6185703276
 St. Mary's CA_Syracuse,0.3844578361
 St. Mary's CA_Temple,0.5510737016
 St. Mary's CA_Tennessee,0.1338492324
 St. Mary's CA_Texas Tech,0.2052711812
 St. Mary's CA_UC Irvine,0.5296213925
 St. Mary's CA_UCF,0.481542542
 St. Mary's CA_Utah St,0.4318130084
 St. Mary's CA_VA CommonWealth,0.464772639
 St. Mary's CA_Vermont,0.6544907233
 St. Mary's CA_Villanova,0.3010861366
 St. Mary's CA_Virginia,0.1041032852
 St. Mary's CA_Virginia Tech,0.2604630076
 St. Mary's CA_Washington,0.3226598024
 St. Mary's CA_Wisconsin,0.2374643685
 St. Mary's CA_Wofford,0.4143680202
 St. Mary's CA_Yale,0.7614612993
Syracuse_Temple,0.661820561
Syracuse_Tennessee,0.1976674718
Syracuse_Texas Tech,0.291675381
Syracuse_UC Irvine,0.6422245541
Syracuse_UCF,0.5968951088
Syracuse_Utah St,0.5478407152
Syracuse_VA CommonWealth,0.5806067612
Syracuse_Vermont,0.7512417404
Syracuse_Villanova,0.4071588408
Syracuse_Virginia,0.1562981719
Syracuse_Virginia Tech,0.3595873832
Syracuse_Washington,0.4316390129
Syracuse_Wisconsin,0.3317626414
Syracuse_Wofford,0.5300813617
Syracuse_Yale,0.8357741461
Temple_Tennessee,0.1113904722
Temple_Texas Tech,0.1732251565
Temple_UC Irvine,0.4773538338
Temple_UCF,0.4296854656
Temple_Utah St,0.3813719416
Temple_VA CommonWealth,0.4132819205
Temple_Vermont,0.6057702092
Temple_Villanova,0.2589559162
Temple_Virginia,0.0861392715
Temple_Virginia Tech,0.2222098381
Temple_Washington,0.2787146578
Temple_Wisconsin,0.2016678319
Temple_Wofford,0.3646569092
Temple_Yale,0.7214040028
Tennessee_Texas Tech,0.6246692368
Tennessee_UC Irvine,0.8788631291
Tennessee_UCF,0.8568316476
Tennessee_Utah St,0.8304226598
Tennessee_VA CommonWealth,0.8483785945
Tennessee_Vermont,0.9242764175
Tennessee_Villanova,0.7351580953
Tennessee_Virginia,0.4281610527
Tennessee_Virginia Tech,0.6941344751
Tennessee_Washington,0.7542684195
Tennessee_Wisconsin,0.6674006597
Tennessee_Wofford,0.820117914
Tennessee_Yale,0.9536374439
Texas Tech_UC Irvine,0.8127580992
Texas Tech_UCF,0.7816903601
Texas Tech_Utah St,0.7455370805
Texas Tech_VA CommonWealth,0.7699917078
Texas Tech_Vermont,0.8795574064
Texas Tech_Villanova,0.6241678206
Texas Tech_Virginia,0.3093769079
Texas Tech_Virginia Tech,0.5758705593
Texas Tech_Washington,0.6474462186
Texas Tech_Wisconsin,0.5455672212
Texas Tech_Wofford,0.731740397
Texas Tech_Yale,0.9248479161
UC Irvine_UCF,0.4509707579
UC Irvine_Utah St,0.4019507016
UC Irvine_VA CommonWealth,0.4343735248
UC Irvine_Vermont,0.6262007479
UC Irvine_Villanova,0.2758748484
UC Irvine_Virginia,0.0931870523
UC Irvine_Virginia Tech,0.2374973953
UC Irvine_Washington,0.2964081711
UC Irvine_Wisconsin,0.2159344966
UC Irvine_Wofford,0.3848948937
UC Irvine_Yale,0.7384295363
UCF_Utah St,0.4489643885
UCF_VA CommonWealth,0.4821223176
UCF_Vermont,0.6700563617
UCF_Villanova,0.3159322763
UCF_Virginia,0.1107759502
UCF_Virginia Tech,0.2740916171
UCF_Washington,0.3380551797
UCF_Wisconsin,0.250296874
UCF_Wofford,0.4313525303
UCF_Yale,0.7738728008
Utah St_VA CommonWealth,0.5322186234
Utah St_Vermont,0.712802555
Utah St_Villanova,0.360790566
Utah St_Virginia,0.1321312212
Utah St_Virginia Tech,0.3157512378
Utah St_Washington,0.3842900164
Utah St_Wisconsin,0.289783646
Utah St_Wofford,0.4810739334
Utah St_Yale,0.8070421905
VA CommonWealth_Vermont,0.6847569181
VA CommonWealth_Villanova,0.3306494525
VA CommonWealth_Virginia,0.1175789151
VA CommonWealth_Virginia Tech,0.2876793855
VA CommonWealth_Washington,0.3532707066
VA CommonWealth_Wisconsin,0.2631326349
VA CommonWealth_Wofford,0.4479257435
VA CommonWealth_Yale,0.7854290621
Vermont_Villanova,0.1846387033
Vermont_Virginia,0.0575656163
Vermont_Virginia Tech,0.1562152309
Vermont_Washington,0.2002593232
Vermont_Wisconsin,0.1406706519
Vermont_Wofford,0.2711024677
Vermont_Yale,0.6265883923
Villanova_Virginia,0.2117228196
Villanova_Virginia Tech,0.4487571274
Villanova_Washington,0.5240550786
Villanova_Wisconsin,0.4185419101
Villanova_Wofford,0.6205616281
Villanova_Yale,0.880647651
Virginia_Virginia Tech,0.7511241569
Virginia_Washington,0.8032299328
Virginia_Wisconsin,0.7274153876
Virginia_Wofford,0.8584217807
Virginia_Yale,0.9647324678
Virginia Tech_Washington,0.573886769
Virginia Tech_Wisconsin,0.4682105571
Virginia Tech_Wofford,0.6667150856
Virginia Tech_Yale,0.9002504011
Washington_Wisconsin,0.3942892336
Washington_Wofford,0.5966140785
Washington_Yale,0.8696674441
Wisconsin_Wofford,0.6934786977
Wisconsin_Yale,0.9107704078
Wofford_Yale,0.8179296992
